,Name,Event ID,Event URL,Genre,Genre ID,Sub Genre,Image,Venue,Venue URL,Zip Code,State,City,Latitude,Longitude,Max Price,Min Price,Event Date,Event Time
0,OZZFEST 2018,vv16aZA4fekZACF81A,https://www.ticketmaster.com/ozzfest-2018-inglewood-california-12-31-2018/event/09005554086D7F94,Metal,KnvZfZ7vAvt,,https://s1.ticketm.net/dam/a/88b/1f3b4730-23a1-4ec8-9266-de0b3ee1c88b_876391_ARTIST_PAGE_3_2.jpg,OZZFEST 2018,https://www.ticketmaster.com/ozzfest-2018-inglewood-california-12-31-2018/event/09005554086D7F94,90305,"{'name': 'California', 'stateCode': 'CA'}",{'name': 'Inglewood'},33.9583,-118.341868,179.5,49.5,12/31/2018,14:30:00
1,P!NK: BEAUTIFUL TRAUMA WORLD TOUR,vv1Fe8vK3KuaZ75e61,https://www.ticketmaster.com/pnk-beautiful-trauma-world-tour-inglewood-california-04-19-2019/event/090053493349A169,Rock,KnvZfZ7vAeA,,https://s1.ticketm.net/dam/a/88b/1f3b4730-23a1-4ec8-9266-de0b3ee1c88b_876391_TABLET_LANDSCAPE_LARGE_16_9.jpg,P!NK: BEAUTIFUL TRAUMA WORLD TOUR,https://www.ticketmaster.com/pnk-beautiful-trauma-world-tour-inglewood-california-04-19-2019/event/090053493349A169,90305,"{'name': 'California', 'stateCode': 'CA'}",{'name': 'Inglewood'},33.9583,-118.341868,269.95,47.45,4/19/2019,19:30:00
2,"K-LOVE Live ""Las Que Mandan""",vv1k0Z48b0G7I5FD,https://www.ticketmaster.com/klove-live-las-que-mandan-inglewood-california-11-17-2018/event/0900550624A0B23B,Rock,KnvZfZ7vAeA,,https://s1.ticketm.net/dam/a/88b/1f3b4730-23a1-4ec8-9266-de0b3ee1c88b_876391_TABLET_LANDSCAPE_3_2.jpg,"K-LOVE Live ""Las Que Mandan""",https://www.ticketmaster.com/klove-live-las-que-mandan-inglewood-california-11-17-2018/event/0900550624A0B23B,90305,"{'name': 'California', 'stateCode': 'CA'}",{'name': 'Inglewood'},33.9583,-118.341868,250,69,11/17/2018,18:00:00
3,How The West Was Won: Glen Helen Amptheater,vvG10Z45WDss2D,http://concerts.livenation.com/event/090054BF7BC713FB,Hip-Hop/Rap,KnvZfZ7vAv1,,https://s1.ticketm.net/dam/a/88b/1f3b4730-23a1-4ec8-9266-de0b3ee1c88b_876391_RETINA_LANDSCAPE_16_9.jpg,How The West Was Won: Glen Helen Amptheater,http://concerts.livenation.com/event/090054BF7BC713FB,90305,"{'name': 'California', 'stateCode': 'CA'}",{'name': 'Inglewood'},34.20880115,-117.4097028,127,22,10/27/2018,18:00:00
4,Danzig 30 Year Anniversary - Halloween Hell Bash,vvG10Z42kyPKDw,http://concerts.livenation.com/event/090054F1B9953EF2,Metal,KnvZfZ7vAvt,,https://s1.ticketm.net/dam/a/88b/1f3b4730-23a1-4ec8-9266-de0b3ee1c88b_876391_EVENT_DETAIL_PAGE_16_9.jpg,Danzig 30 Year Anniversary - Halloween Hell Bash,http://concerts.livenation.com/event/090054F1B9953EF2,90305,"{'name': 'California', 'stateCode': 'CA'}",{'name': 'Inglewood'},33.658166,-117.7286,66.6,19.5,11/3/2018,17:45:00
5,JOHNNYSWIM,vv1AaZA4pGkesi4K9,https://www.ticketmaster.com/johnnyswim-los-angeles-california-12-22-2018/event/09005556B1B154D7,Rock,KnvZfZ7vAeA,,https://s1.ticketm.net/dam/a/88b/1f3b4730-23a1-4ec8-9266-de0b3ee1c88b_876391_RETINA_PORTRAIT_16_9.jpg,JOHNNYSWIM,https://www.ticketmaster.com/johnnyswim-los-angeles-california-12-22-2018/event/09005556B1B154D7,90305,"{'name': 'California', 'stateCode': 'CA'}",{'name': 'Inglewood'},34.04263554,-118.2555862,87,41,12/22/2018,21:00:00
6,Camila & Sin Bandera,vvG10Z4GLjNALY,https://www.ticketmaster.com/camila-sin-bandera-anaheim-california-11-03-2018/event/090054C7DC8C57F0,Rock,KnvZfZ7vAeA,,https://s1.ticketm.net/dam/a/88b/1f3b4730-23a1-4ec8-9266-de0b3ee1c88b_876391_RETINA_PORTRAIT_3_2.jpg,Camila & Sin Bandera,https://www.ticketmaster.com/camila-sin-bandera-anaheim-california-11-03-2018/event/090054C7DC8C57F0,90305,"{'name': 'California', 'stateCode': 'CA'}",{'name': 'Inglewood'},33.80780364,-117.8765311,149,69,11/3/2018,20:00:00
7,Joker Xue,vv170Z4oGkB8GEWP,https://www.ticketmaster.com/joker-xue-hollywood-california-11-11-2018/event/0900551E90327F65,Pop,KnvZfZ7vAev,,https://s1.ticketm.net/dam/a/88b/1f3b4730-23a1-4ec8-9266-de0b3ee1c88b_876391_TABLET_LANDSCAPE_16_9.jpg,Joker Xue,https://www.ticketmaster.com/joker-xue-hollywood-california-11-11-2018/event/0900551E90327F65,90305,"{'name': 'California', 'stateCode': 'CA'}",{'name': 'Inglewood'},34.10177237,-118.3402024,617,77,11/11/2018,20:00:00
8,The Rocky Horror Picture Show,vv1AaZAfoGkd6AQB6,https://www.ticketmaster.com/the-rocky-horror-picture-show-big-bear-lake-california-10-26-2018/event/09005511C715AE87,Music,KnvZfZ7vAkJ,,https://s1.ticketm.net/dam/a/88b/1f3b4730-23a1-4ec8-9266-de0b3ee1c88b_876391_RECOMENDATION_16_9.jpg,The Rocky Horror Picture Show,https://www.ticketmaster.com/the-rocky-horror-picture-show-big-bear-lake-california-10-26-2018/event/09005511C715AE87,90305,"{'name': 'California', 'stateCode': 'CA'}",{'name': 'Inglewood'},34.239624,-116.912046,10,10,10/26/2018,20:00:00
9,The Rocky Horror Picture Show,vvG1iZ43JwSe2U,https://www.ticketmaster.com/the-rocky-horror-picture-show-san-gabriel-california-10-26-2018/event/0B005529B2CC23F6,Music,KnvZfZ7vAkJ,,https://s1.ticketm.net/dam/a/88b/1f3b4730-23a1-4ec8-9266-de0b3ee1c88b_876391_CUSTOM.jpg,The Rocky Horror Picture Show,https://www.ticketmaster.com/the-rocky-horror-picture-show-san-gabriel-california-10-26-2018/event/0B005529B2CC23F6,90305,"{'name': 'California', 'stateCode': 'CA'}",{'name': 'Inglewood'},34.098319,-118.108412,16,16,10/26/2018,22:00:00
10,Rod Stewart w/ Special Guests Pat Benatar & Neil Giraldo,vvG10Z4CRSWUpG,https://www.ticketmaster.com/rod-stewart-w-special-guests-pat-ontario-california-10-28-2018/event/090054EBF3F7658C,Rock,KnvZfZ7vAeA,,https://s1.ticketm.net/dam/a/1dd/d5e86d93-5e1a-49d9-b530-70fefc0f21dd_877061_RETINA_PORTRAIT_3_2.jpg,Rod Stewart w/ Special Guests Pat Benatar & Neil Giraldo,https://www.ticketmaster.com/rod-stewart-w-special-guests-pat-ontario-california-10-28-2018/event/090054EBF3F7658C,90305,"{'name': 'California', 'stateCode': 'CA'}",{'name': 'Inglewood'},34.075329,-117.566364,398,37.5,10/28/2018,19:30:00
11,DJ Snake,Z7r9jZ1Aeozof,http://www.ticketsnow.com/InventoryBrowse/TicketList.aspx?PID=2478454,Dance/Electronic,KnvZfZ7vAvF,,https://s1.ticketm.net/dam/a/1dd/d5e86d93-5e1a-49d9-b530-70fefc0f21dd_877061_CUSTOM.jpg,DJ Snake,http://www.ticketsnow.com/InventoryBrowse/TicketList.aspx?PID=2478454,90305,"{'name': 'California', 'stateCode': 'CA'}",{'name': 'Inglewood'},34.027599,-118.285004,129.5,29.5,10/31/2018,21:00:00
12,Caifanes,vv1AaZA3bGkemifi8,http://concerts.livenation.com/event/09005498AEB14B10,World,KnvZfZ7vAeF,,https://s1.ticketm.net/dam/a/1dd/d5e86d93-5e1a-49d9-b530-70fefc0f21dd_877061_RETINA_PORTRAIT_16_9.jpg,Caifanes,http://concerts.livenation.com/event/09005498AEB14B10,90305,"{'name': 'California', 'stateCode': 'CA'}",{'name': 'Inglewood'},33.658166,-117.7286,500,39.5,10/27/2018,20:00:00
13,MAC MILLER: A CELEBRATION OF LIFE,vv170Z4KGkS-H5eu,https://www.ticketmaster.com/mac-miller-a-celebration-of-life-los-angeles-california-10-31-2018/event/0900553CE1F0B08D,Hip-Hop/Rap,KnvZfZ7vAv1,,https://s1.ticketm.net/dam/a/1dd/d5e86d93-5e1a-49d9-b530-70fefc0f21dd_877061_ARTIST_PAGE_3_2.jpg,MAC MILLER: A CELEBRATION OF LIFE,https://www.ticketmaster.com/mac-miller-a-celebration-of-life-los-angeles-california-10-31-2018/event/0900553CE1F0B08D,90305,"{'name': 'California', 'stateCode': 'CA'}",{'name': 'Inglewood'},34.11948811,-118.2962909,32.5,27.5,10/31/2018,18:30:00
14,Banda MS,Z7r9jZ1Ae8ykp,http://www.ticketsnow.com/InventoryBrowse/TicketList.aspx?PID=2439196,World,KnvZfZ7vAeF,,https://s1.ticketm.net/dam/a/1dd/d5e86d93-5e1a-49d9-b530-70fefc0f21dd_877061_RETINA_LANDSCAPE_16_9.jpg,Banda MS,http://www.ticketsnow.com/InventoryBrowse/TicketList.aspx?PID=2439196,90305,"{'name': 'California', 'stateCode': 'CA'}",{'name': 'Inglewood'},34.0397,-118.266403,85,40,10/26/2018,20:00:00
15,Graveyard and Uncle Acid - Peace Across The Wasteland,vv1ke8v448GAGGt7z,http://concerts.livenation.com/event/090055550C329138,Rock,KnvZfZ7vAeA,,https://s1.ticketm.net/dam/a/1dd/d5e86d93-5e1a-49d9-b530-70fefc0f21dd_877061_TABLET_LANDSCAPE_3_2.jpg,Graveyard and Uncle Acid - Peace Across The Wasteland,http://concerts.livenation.com/event/090055550C329138,90305,"{'name': 'California', 'stateCode': 'CA'}",{'name': 'Inglewood'},34.06141494,-118.3087921,89.5,49.5,3/15/2019,19:00:00
16,Latin American Music Awards,vv1AaZAfgGkdISrZt,https://www.ticketmaster.com/latin-american-music-awards-hollywood-california-10-25-2018/event/09005535E8CDE029,Undefined,KnvZfZ7vAe6,,https://s1.ticketm.net/dam/a/1dd/d5e86d93-5e1a-49d9-b530-70fefc0f21dd_877061_RECOMENDATION_16_9.jpg,Latin American Music Awards,https://www.ticketmaster.com/latin-american-music-awards-hollywood-california-10-25-2018/event/09005535E8CDE029,90305,"{'name': 'California', 'stateCode': 'CA'}",{'name': 'Inglewood'},34.10177237,-118.3402024,165,45,10/25/2018,17:00:00
17,TWENTY ONE PILOTS - THE BANDITO TOUR,vvG10Z4C0dtMUn,https://www.ticketmaster.com/twenty-one-pilots-the-bandito-tour-inglewood-california-11-10-2018/event/090054E903A77DAA,Rock,KnvZfZ7vAeA,,https://s1.ticketm.net/dam/a/1dd/d5e86d93-5e1a-49d9-b530-70fefc0f21dd_877061_TABLET_LANDSCAPE_LARGE_16_9.jpg,TWENTY ONE PILOTS - THE BANDITO TOUR,https://www.ticketmaster.com/twenty-one-pilots-the-bandito-tour-inglewood-california-11-10-2018/event/090054E903A77DAA,90305,"{'name': 'California', 'stateCode': 'CA'}",{'name': 'Inglewood'},33.9583,-118.341868,757,42,11/10/2018,19:00:00
18,Ozuna Aura Tour 2018,vvG10Z4u03eIyJ,https://www.ticketmaster.com/ozuna-aura-tour-2018-inglewood-california-11-02-2018/event/090054D9120A8E66,World,KnvZfZ7vAeF,,https://s1.ticketm.net/dam/a/1dd/d5e86d93-5e1a-49d9-b530-70fefc0f21dd_877061_EVENT_DETAIL_PAGE_16_9.jpg,Ozuna Aura Tour 2018,https://www.ticketmaster.com/ozuna-aura-tour-2018-inglewood-california-11-02-2018/event/090054D9120A8E66,90305,"{'name': 'California', 'stateCode': 'CA'}",{'name': 'Inglewood'},33.9583,-118.341868,,,11/2/2018,20:00:00
19,KIIS FM's Jingle Ball Presented by Capital One,vv1ke8v48OGACib4i,https://www.ticketmaster.com/kiis-fms-jingle-ball-presented-by-inglewood-california-11-30-2018/event/090055420EB1856C,Rock,KnvZfZ7vAeA,,https://s1.ticketm.net/dam/a/1dd/d5e86d93-5e1a-49d9-b530-70fefc0f21dd_877061_TABLET_LANDSCAPE_16_9.jpg,KIIS FM's Jingle Ball Presented by Capital One,https://www.ticketmaster.com/kiis-fms-jingle-ball-presented-by-inglewood-california-11-30-2018/event/090055420EB1856C,90305,"{'name': 'California', 'stateCode': 'CA'}",{'name': 'Inglewood'},33.9583,-118.341868,,,11/30/2018,19:30:00
0,P!NK: BEAUTIFUL TRAUMA WORLD TOUR,vvG1HZ4aBNptlS,https://www.ticketmaster.com/pnk-beautiful-trauma-world-tour-portland-oregon-04-08-2019/event/0F00549EA35A9AF3,Rock,KnvZfZ7vAeA,Alternative Rock,https://s1.ticketm.net/dam/a/1dd/d5e86d93-5e1a-49d9-b530-70fefc0f21dd_877061_RETINA_PORTRAIT_3_2.jpg,P!NK: BEAUTIFUL TRAUMA WORLD TOUR,https://www.ticketmaster.com/pnk-beautiful-trauma-world-tour-portland-oregon-04-08-2019/event/0F00549EA35A9AF3,97227,"{'name': 'Oregon', 'stateCode': 'OR'}",{'name': 'Portland'},45.53118896,-122.6664581,207.45,59.95,4/8/2019,19:30:00
1,Justin Timberlake - The Man Of The Woods Tour,vvG1HZ4dDvWKc2,https://www.ticketmaster.com/justin-timberlake-the-man-of-the-portland-oregon-11-16-2018/event/0F00543EC1F53B4F,Rock,KnvZfZ7vAeA,Pop,https://s1.ticketm.net/dam/a/1dd/d5e86d93-5e1a-49d9-b530-70fefc0f21dd_877061_CUSTOM.jpg,Justin Timberlake - The Man Of The Woods Tour,https://www.ticketmaster.com/justin-timberlake-the-man-of-the-portland-oregon-11-16-2018/event/0F00543EC1F53B4F,97227,"{'name': 'Oregon', 'stateCode': 'OR'}",{'name': 'Portland'},45.53118896,-122.6664581,225,49.5,11/16/2018,19:30:00
2,Elton John: Farewell Yellow Brick Road,vvG1HZfMmlBxZr,https://www.ticketmaster.com/elton-john-farewell-yellow-brick-road-portland-oregon-01-12-2019/event/0F00537BABEA201E,Rock,KnvZfZ7vAeA,Pop,https://s1.ticketm.net/dam/a/1dd/d5e86d93-5e1a-49d9-b530-70fefc0f21dd_877061_RETINA_PORTRAIT_16_9.jpg,Elton John: Farewell Yellow Brick Road,https://www.ticketmaster.com/elton-john-farewell-yellow-brick-road-portland-oregon-01-12-2019/event/0F00537BABEA201E,97227,"{'name': 'Oregon', 'stateCode': 'OR'}",{'name': 'Portland'},45.53118896,-122.6664581,222.5,47.5,1/12/2019,20:00:00
3,The 1975,vvG1HZ4fwyA0ps,https://www.ticketmaster.com/the-1975-portland-oregon-04-27-2019/event/0F00554CB91645B1,Rock,KnvZfZ7vAeA,Pop,https://s1.ticketm.net/dam/a/1dd/d5e86d93-5e1a-49d9-b530-70fefc0f21dd_877061_ARTIST_PAGE_3_2.jpg,The 1975,https://www.ticketmaster.com/the-1975-portland-oregon-04-27-2019/event/0F00554CB91645B1,97227,"{'name': 'Oregon', 'stateCode': 'OR'}",{'name': 'Portland'},45.533299,-122.667442,56.5,36.5,4/27/2019,19:00:00
4,An Evening With Fleetwood Mac,vvG1HZ4axOr0gd,https://www.ticketmaster.com/an-evening-with-fleetwood-mac-portland-oregon-11-19-2018/event/0F005498A07A4D43,Rock,KnvZfZ7vAeA,Pop,https://s1.ticketm.net/dam/a/1dd/d5e86d93-5e1a-49d9-b530-70fefc0f21dd_877061_RETINA_LANDSCAPE_16_9.jpg,An Evening With Fleetwood Mac,https://www.ticketmaster.com/an-evening-with-fleetwood-mac-portland-oregon-11-19-2018/event/0F005498A07A4D43,97227,"{'name': 'Oregon', 'stateCode': 'OR'}",{'name': 'Portland'},45.53118896,-122.6664581,197.5,67.5,11/19/2018,20:00:00
5,Jeff Lynne's ELO,vvG1HZ445EidE-,https://www.ticketmaster.com/jeff-lynnes-elo-portland-oregon-06-29-2019/event/0F005552E7B039E1,Rock,KnvZfZ7vAeA,Pop,https://s1.ticketm.net/dam/a/1dd/d5e86d93-5e1a-49d9-b530-70fefc0f21dd_877061_TABLET_LANDSCAPE_3_2.jpg,Jeff Lynne's ELO,https://www.ticketmaster.com/jeff-lynnes-elo-portland-oregon-06-29-2019/event/0F005552E7B039E1,97227,"{'name': 'Oregon', 'stateCode': 'OR'}",{'name': 'Portland'},45.53118896,-122.6664581,146.5,46.5,6/29/2019,20:00:00
6,Metallica - WorldWired Tour,vvG1HZ4Apw4Ei5,https://www.ticketmaster.com/metallica-worldwired-tour-portland-oregon-12-05-2018/event/0F005455B2567B0B,Metal,KnvZfZ7vAvt,Heavy Metal,https://s1.ticketm.net/dam/a/1dd/d5e86d93-5e1a-49d9-b530-70fefc0f21dd_877061_RECOMENDATION_16_9.jpg,Metallica - WorldWired Tour,https://www.ticketmaster.com/metallica-worldwired-tour-portland-oregon-12-05-2018/event/0F005455B2567B0B,97227,"{'name': 'Oregon', 'stateCode': 'OR'}",{'name': 'Portland'},45.53118896,-122.6664581,133,63,12/5/2018,19:30:00
7,Arctic Monkeys,vvG1HZ4a3oL7g8,https://www.ticketmaster.com/arctic-monkeys-portland-oregon-10-24-2018/event/0F005494917C4D50,Rock,KnvZfZ7vAeA,Alternative Rock,https://s1.ticketm.net/dam/a/1dd/d5e86d93-5e1a-49d9-b530-70fefc0f21dd_877061_TABLET_LANDSCAPE_LARGE_16_9.jpg,Arctic Monkeys,https://www.ticketmaster.com/arctic-monkeys-portland-oregon-10-24-2018/event/0F005494917C4D50,97227,"{'name': 'Oregon', 'stateCode': 'OR'}",{'name': 'Portland'},45.533299,-122.667442,55,39.95,10/24/2018,20:00:00
8,TWENTY ONE PILOTS - THE BANDITO TOUR,vvG1HZ4CJpQe_o,https://www.ticketmaster.com/twenty-one-pilots-the-bandito-tour-portland-oregon-11-15-2018/event/0F0054E996682651,Rock,KnvZfZ7vAeA,Pop,https://s1.ticketm.net/dam/a/1dd/d5e86d93-5e1a-49d9-b530-70fefc0f21dd_877061_EVENT_DETAIL_PAGE_16_9.jpg,TWENTY ONE PILOTS - THE BANDITO TOUR,https://www.ticketmaster.com/twenty-one-pilots-the-bandito-tour-portland-oregon-11-15-2018/event/0F0054E996682651,97227,"{'name': 'Oregon', 'stateCode': 'OR'}",{'name': 'Portland'},45.53118896,-122.6664581,77.5,37.5,11/15/2018,19:00:00
9,Bob Seger & The Silver Bullet Band,vvG1HZfwrxxxqY,https://www.ticketmaster.com/bob-seger-the-silver-bullet-band-portland-oregon-02-02-2019/event/0F005327A28A2770,Rock,KnvZfZ7vAeA,Pop,https://s1.ticketm.net/dam/a/1dd/d5e86d93-5e1a-49d9-b530-70fefc0f21dd_877061_TABLET_LANDSCAPE_16_9.jpg,Bob Seger & The Silver Bullet Band,https://www.ticketmaster.com/bob-seger-the-silver-bullet-band-portland-oregon-02-02-2019/event/0F005327A28A2770,97227,"{'name': 'Oregon', 'stateCode': 'OR'}",{'name': 'Portland'},45.53118896,-122.6664581,125,49,2/2/2019,19:30:00
10,Trans-Siberian Orchestra 2018 Presented By Hallmark Channel,vvG1HZ4oksWts8,https://www.ticketmaster.com/transsiberian-orchestra-2018-presented-by-hallmark-portland-oregon-11-24-2018/event/0F005511B1F69C50,Rock,KnvZfZ7vAeA,Pop,https://s1.ticketm.net/dam/a/e8c/2bdb4d06-79b9-416d-aac1-b29207cbfe8c_842731_ARTIST_PAGE_3_2.jpg,Trans-Siberian Orchestra 2018 Presented By Hallmark Channel,https://www.ticketmaster.com/transsiberian-orchestra-2018-presented-by-hallmark-portland-oregon-11-24-2018/event/0F005511B1F69C50,97227,"{'name': 'Oregon', 'stateCode': 'OR'}",{'name': 'Portland'},45.53118896,-122.6664581,76.5,42,11/24/2018,15:30:00
11,SHAWN MENDES: THE TOUR,vvG1HZ41x6oxd6,https://www.ticketmaster.com/shawn-mendes-the-tour-portland-oregon-06-12-2019/event/0F0054A8874620C7,Rock,KnvZfZ7vAeA,Pop,https://s1.ticketm.net/dam/a/e8c/2bdb4d06-79b9-416d-aac1-b29207cbfe8c_842731_RETINA_PORTRAIT_3_2.jpg,SHAWN MENDES: THE TOUR,https://www.ticketmaster.com/shawn-mendes-the-tour-portland-oregon-06-12-2019/event/0F0054A8874620C7,97227,"{'name': 'Oregon', 'stateCode': 'OR'}",{'name': 'Portland'},45.53118896,-122.6664581,92.5,27.5,6/12/2019,19:30:00
12,TRAVIS SCOTT - ASTROWORLD: WISH YOU WERE HERE TOUR,vvG1HZ4o9HTFSe,https://www.ticketmaster.com/travis-scott-astroworld-wish-you-were-portland-oregon-12-22-2018/event/0F005515FCFC8CC2,Hip-Hop/Rap,KnvZfZ7vAv1,French Rap,https://s1.ticketm.net/dam/a/e8c/2bdb4d06-79b9-416d-aac1-b29207cbfe8c_842731_TABLET_LANDSCAPE_16_9.jpg,TRAVIS SCOTT - ASTROWORLD: WISH YOU WERE HERE TOUR,https://www.ticketmaster.com/travis-scott-astroworld-wish-you-were-portland-oregon-12-22-2018/event/0F005515FCFC8CC2,97227,"{'name': 'Oregon', 'stateCode': 'OR'}",{'name': 'Portland'},45.53118896,-122.6664581,94.95,26.95,12/22/2018,19:30:00
13,Trans-Siberian Orchestra 2018 Presented By Hallmark Channel,vvG1HZ4okwM_U4,https://www.ticketmaster.com/transsiberian-orchestra-2018-presented-by-hallmark-portland-oregon-11-24-2018/event/0F005511B2DD9D95,Rock,KnvZfZ7vAeA,Pop,https://s1.ticketm.net/dam/a/e8c/2bdb4d06-79b9-416d-aac1-b29207cbfe8c_842731_RETINA_LANDSCAPE_16_9.jpg,Trans-Siberian Orchestra 2018 Presented By Hallmark Channel,https://www.ticketmaster.com/transsiberian-orchestra-2018-presented-by-hallmark-portland-oregon-11-24-2018/event/0F005511B2DD9D95,97227,"{'name': 'Oregon', 'stateCode': 'OR'}",{'name': 'Portland'},45.53118896,-122.6664581,76.5,42,11/24/2018,20:00:00
14,105.9 The Brew Presents Breaking Benjamin and Five Finger Death Punch,vvG1HZ4C1UCKN2,https://www.ticketmaster.com/1059-the-brew-presents-breaking-benjamin-portland-oregon-11-15-2018/event/0F0054E2B63938CF,Rock,KnvZfZ7vAeA,Alternative Rock,https://s1.ticketm.net/dam/a/e8c/2bdb4d06-79b9-416d-aac1-b29207cbfe8c_842731_RETINA_PORTRAIT_16_9.jpg,105.9 The Brew Presents Breaking Benjamin and Five Finger Death Punch,https://www.ticketmaster.com/1059-the-brew-presents-breaking-benjamin-portland-oregon-11-15-2018/event/0F0054E2B63938CF,97227,"{'name': 'Oregon', 'stateCode': 'OR'}",{'name': 'Portland'},45.533299,-122.667442,87,22.5,11/15/2018,18:00:00
15,New Kids On The Block: The Mixtape Tour,vvG1HZ4foVQ-0A,https://www.ticketmaster.com/new-kids-on-the-block-the-portland-oregon-06-02-2019/event/0F005544746A1905,Rock,KnvZfZ7vAeA,Pop,https://s1.ticketm.net/dam/a/e8c/2bdb4d06-79b9-416d-aac1-b29207cbfe8c_842731_CUSTOM.jpg,New Kids On The Block: The Mixtape Tour,https://www.ticketmaster.com/new-kids-on-the-block-the-portland-oregon-06-02-2019/event/0F005544746A1905,97227,"{'name': 'Oregon', 'stateCode': 'OR'}",{'name': 'Portland'},45.53118896,-122.6664581,186.95,26.95,6/2/2019,19:30:00
16,Weezer / Pixies,vvG1HZ4fnLQeWQ,https://www.ticketmaster.com/weezer-pixies-portland-oregon-04-06-2019/event/0F00554A9F682F5A,Rock,KnvZfZ7vAeA,Alternative Rock,https://s1.ticketm.net/dam/a/e8c/2bdb4d06-79b9-416d-aac1-b29207cbfe8c_842731_TABLET_LANDSCAPE_3_2.jpg,Weezer / Pixies,https://www.ticketmaster.com/weezer-pixies-portland-oregon-04-06-2019/event/0F00554A9F682F5A,97227,"{'name': 'Oregon', 'stateCode': 'OR'}",{'name': 'Portland'},45.53118896,-122.6664581,131.5,22,4/6/2019,19:00:00
17,RUSS: I SEE YOU TOUR PART 2,vvG1HZ4CSavVjz,https://www.ticketmaster.com/russ-i-see-you-tour-part-portland-oregon-11-13-2018/event/0F0054ECC9074738,Hip-Hop/Rap,KnvZfZ7vAv1,French Rap,https://s1.ticketm.net/dam/a/e8c/2bdb4d06-79b9-416d-aac1-b29207cbfe8c_842731_RECOMENDATION_16_9.jpg,RUSS: I SEE YOU TOUR PART 2,https://www.ticketmaster.com/russ-i-see-you-tour-part-portland-oregon-11-13-2018/event/0F0054ECC9074738,97227,"{'name': 'Oregon', 'stateCode': 'OR'}",{'name': 'Portland'},45.533299,-122.667442,52.95,22.95,11/13/2018,21:00:00
18,MercyMe,vvG1HZ48LuN9D2,https://www.ticketmaster.com/mercyme-portland-oregon-04-13-2019/event/0F005507CD8D7ECF,Rock,KnvZfZ7vAeA,Pop,https://s1.ticketm.net/dam/a/e8c/2bdb4d06-79b9-416d-aac1-b29207cbfe8c_842731_EVENT_DETAIL_PAGE_16_9.jpg,MercyMe,https://www.ticketmaster.com/mercyme-portland-oregon-04-13-2019/event/0F005507CD8D7ECF,97227,"{'name': 'Oregon', 'stateCode': 'OR'}",{'name': 'Portland'},45.533299,-122.667442,97,12,4/13/2019,19:00:00
19,Troye Sivan: The Bloom Tour with special guest Kim Petras,Z7r9jZ1AeC9ZV,http://www.ticketsnow.com/InventoryBrowse/TicketList.aspx?PID=2397034,Pop,KnvZfZ7vAev,Pop Rock,https://s1.ticketm.net/dam/a/e8c/2bdb4d06-79b9-416d-aac1-b29207cbfe8c_842731_TABLET_LANDSCAPE_LARGE_16_9.jpg,Troye Sivan: The Bloom Tour with special guest Kim Petras,http://www.ticketsnow.com/InventoryBrowse/TicketList.aspx?PID=2397034,97227,"{'name': 'Oregon', 'stateCode': 'OR'}",{'name': 'Portland'},45.5303,-122.684799,,,11/5/2018,19:30:00
0,Marco Antonio Solis - La Historia Continua Tour,vvG1IZ4owlDd6J,http://axs.com/events/360354/marco-antonio-solis-tickets,World,KnvZfZ7vAeF,Latin,https://s1.ticketm.net/dam/a/1c9/0cc1f909-594d-468b-9c10-e5a79f7df1c9_480781_RETINA_LANDSCAPE_16_9.jpg,Marco Antonio Solis - La Historia Continua Tour,http://axs.com/events/360354/marco-antonio-solis-tickets,92110,"{'name': 'California', 'stateCode': 'CA'}",{'name': 'San Diego'},32.755267,-117.212196,299.5,69.5,11/3/2018,20:00:00
1,Elton John,Z7r9jZ1AeGv_6,http://www.ticketsnow.com/InventoryBrowse/TicketList.aspx?PID=2301647,Rock,KnvZfZ7vAeA,Classic Rock,https://s1.ticketm.net/dam/a/1c9/0cc1f909-594d-468b-9c10-e5a79f7df1c9_480781_RECOMENDATION_16_9.jpg,Elton John,http://www.ticketsnow.com/InventoryBrowse/TicketList.aspx?PID=2301647,92110,"{'name': 'California', 'stateCode': 'CA'}",{'name': 'San Diego'},32.777599,-117.195999,75,75,1/29/2019,20:00:00
2,An Evening With Fleetwood Mac,vvG1IZ4aNmk_ua,https://www.ticketmaster.com/an-evening-with-fleetwood-mac-san-diego-california-12-08-2018/event/0A005498EE199349,Rock,KnvZfZ7vAeA,Pop,https://s1.ticketm.net/dam/a/1c9/0cc1f909-594d-468b-9c10-e5a79f7df1c9_480781_TABLET_LANDSCAPE_LARGE_16_9.jpg,An Evening With Fleetwood Mac,https://www.ticketmaster.com/an-evening-with-fleetwood-mac-san-diego-california-12-08-2018/event/0A005498EE199349,92110,"{'name': 'California', 'stateCode': 'CA'}",{'name': 'San Diego'},32.77229,-117.07192,64.5,25,12/8/2018,20:00:00
3,Ozuna,Z7r9jZ1Ae84Po,http://www.ticketsnow.com/InventoryBrowse/TicketList.aspx?PID=2415951,Other,KnvZfZ7vAvl,Other,https://s1.ticketm.net/dam/a/1c9/0cc1f909-594d-468b-9c10-e5a79f7df1c9_480781_RETINA_PORTRAIT_3_2.jpg,Ozuna,http://www.ticketsnow.com/InventoryBrowse/TicketList.aspx?PID=2415951,92110,"{'name': 'California', 'stateCode': 'CA'}",{'name': 'San Diego'},32.777599,-117.195999,259.5,25,11/25/2018,20:00:00
4,Marc Anthony,Z7r9jZ1AefkFV,http://www.ticketsnow.com/InventoryBrowse/TicketList.aspx?PID=2506234,Pop,KnvZfZ7vAev,Pop Rock,https://s1.ticketm.net/dam/a/1c9/0cc1f909-594d-468b-9c10-e5a79f7df1c9_480781_RETINA_PORTRAIT_16_9.jpg,Marc Anthony,http://www.ticketsnow.com/InventoryBrowse/TicketList.aspx?PID=2506234,92110,"{'name': 'California', 'stateCode': 'CA'}",{'name': 'San Diego'},32.777599,-117.195999,174.95,59.95,2/7/2019,20:00:00
5,Shawn Mendes,Z7r9jZ1AeCvZd,http://www.ticketsnow.com/InventoryBrowse/TicketList.aspx?PID=2381003,Pop,KnvZfZ7vAev,Pop Rock,https://s1.ticketm.net/dam/a/1c9/0cc1f909-594d-468b-9c10-e5a79f7df1c9_480781_TABLET_LANDSCAPE_16_9.jpg,Shawn Mendes,http://www.ticketsnow.com/InventoryBrowse/TicketList.aspx?PID=2381003,92110,"{'name': 'California', 'stateCode': 'CA'}",{'name': 'San Diego'},32.777599,-117.195999,350,39.95,7/8/2019,19:30:00
6,Dia de los DEFTONES,vvG1IZ4CSCY3Xf,https://www.ticketmaster.com/dia-de-los-deftones-san-diego-california-11-03-2018/event/0A0054ECCEC12F94,Metal,KnvZfZ7vAvt,Heavy Metal,https://s1.ticketm.net/dam/a/1c9/0cc1f909-594d-468b-9c10-e5a79f7df1c9_480781_TABLET_LANDSCAPE_3_2.jpg,Dia de los DEFTONES,https://www.ticketmaster.com/dia-de-los-deftones-san-diego-california-11-03-2018/event/0A0054ECCEC12F94,92110,"{'name': 'California', 'stateCode': 'CA'}",{'name': 'San Diego'},32.708651,-117.156967,37.5,37.5,11/3/2018,15:00:00
7,Troye Sivan: The Bloom Tour with special guest Kim Petras,vvG1IZ45JyVs02,https://www.ticketmaster.com/troye-sivan-the-bloom-tour-with-san-diego-california-10-25-2018/event/0A0054B9B9D3190F,Pop,KnvZfZ7vAev,Pop,https://s1.ticketm.net/dam/a/1c9/0cc1f909-594d-468b-9c10-e5a79f7df1c9_480781_ARTIST_PAGE_3_2.jpg,Troye Sivan: The Bloom Tour with special guest Kim Petras,https://www.ticketmaster.com/troye-sivan-the-bloom-tour-with-san-diego-california-10-25-2018/event/0A0054B9B9D3190F,92110,"{'name': 'California', 'stateCode': 'CA'}",{'name': 'San Diego'},32.77478601,-117.0712325,53.75,29.75,10/25/2018,19:30:00
8,Rock 105.3 and 101KGB Present Ozzy Osbourne: No More Tours 2,vvG1IZ4eI9FwUA,http://concerts.livenation.com/event/0A00542A17232D85,Metal,KnvZfZ7vAvt,Heavy Metal,https://s1.ticketm.net/dam/a/1c9/0cc1f909-594d-468b-9c10-e5a79f7df1c9_480781_EVENT_DETAIL_PAGE_16_9.jpg,Rock 105.3 and 101KGB Present Ozzy Osbourne: No More Tours 2,http://concerts.livenation.com/event/0A00542A17232D85,92110,"{'name': 'California', 'stateCode': 'CA'}",{'name': 'San Diego'},32.58807102,-117.0058537,89,39,7/23/2019,19:30:00
9,New Kids On The Block: The Mixtape Tour,vvG1IZ4fCr2vJl,https://www.ticketmaster.com/new-kids-on-the-block-the-san-diego-california-05-23-2019/event/0A0055439E3C19AB,Rock,KnvZfZ7vAeA,Pop,https://s1.ticketm.net/dam/a/1c9/0cc1f909-594d-468b-9c10-e5a79f7df1c9_480781_CUSTOM.jpg,New Kids On The Block: The Mixtape Tour,https://www.ticketmaster.com/new-kids-on-the-block-the-san-diego-california-05-23-2019/event/0A0055439E3C19AB,92110,"{'name': 'California', 'stateCode': 'CA'}",{'name': 'San Diego'},32.77229,-117.07192,100,20,5/23/2019,19:30:00
10,J Balvin Vibras Tour,vvG1IZ4a5FLNMt,https://www.ticketmaster.com/j-balvin-vibras-tour-san-diego-california-11-08-2018/event/0A005492C87E3DE9,Hip-Hop/Rap,KnvZfZ7vAv1,Reggaeton,https://s1.ticketm.net/dam/a/58c/c023b7ce-e8fb-4bb0-8996-7ff4b4be258c_858341_EVENT_DETAIL_PAGE_16_9.jpg,J Balvin Vibras Tour,https://www.ticketmaster.com/j-balvin-vibras-tour-san-diego-california-11-08-2018/event/0A005492C87E3DE9,92110,"{'name': 'California', 'stateCode': 'CA'}",{'name': 'San Diego'},32.77229,-117.07192,72.5,72.5,11/8/2018,20:00:00
11,SDCCU presents KSON CountryFest at Petco Park at the Park,vvG1IZ48tMid4r,https://www.ticketmaster.com/sdccu-presents-kson-countryfest-at-petco-san-diego-california-10-28-2018/event/0A00550A77B0355E,Folk,KnvZfZ7vAva,Folk,https://s1.ticketm.net/dam/a/58c/c023b7ce-e8fb-4bb0-8996-7ff4b4be258c_858341_RETINA_LANDSCAPE_16_9.jpg,SDCCU presents KSON CountryFest at Petco Park at the Park,https://www.ticketmaster.com/sdccu-presents-kson-countryfest-at-petco-san-diego-california-10-28-2018/event/0A00550A77B0355E,92110,"{'name': 'California', 'stateCode': 'CA'}",{'name': 'San Diego'},32.708651,-117.156967,95.5,65.5,10/28/2018,16:00:00
12,There is More Tour featuring Hillsong Worship & Pastor Brian Houston,vvG1IZ41R30pFU,https://www.ticketmaster.com/there-is-more-tour-featuring-hillsong-san-diego-california-10-26-2018/event/0A0054ABD2916236,Religious,KnvZfZ7vAe7,Gospel,https://s1.ticketm.net/dam/a/58c/c023b7ce-e8fb-4bb0-8996-7ff4b4be258c_858341_RETINA_PORTRAIT_3_2.jpg,There is More Tour featuring Hillsong Worship & Pastor Brian Houston,https://www.ticketmaster.com/there-is-more-tour-featuring-hillsong-san-diego-california-10-26-2018/event/0A0054ABD2916236,92110,"{'name': 'California', 'stateCode': 'CA'}",{'name': 'San Diego'},32.77478601,-117.0712325,126.5,26.5,10/26/2018,19:00:00
13,Air Supply,vvG1IZ4ftYEvA5,https://www.ticketmaster.com/air-supply-funner-california-02-15-2019/event/0A00554A709C114B,Pop,KnvZfZ7vAev,Adult Contemporary,https://s1.ticketm.net/dam/a/58c/c023b7ce-e8fb-4bb0-8996-7ff4b4be258c_858341_ARTIST_PAGE_3_2.jpg,Air Supply,https://www.ticketmaster.com/air-supply-funner-california-02-15-2019/event/0A00554A709C114B,92110,"{'name': 'California', 'stateCode': 'CA'}",{'name': 'San Diego'},33.26638607,-116.9544699,,,2/15/2019,20:00:00
14,MercyMe's Imagine Nation Tour,vvG1IZ4uYoZ0a3,https://www.ticketmaster.com/mercymes-imagine-nation-tour-san-diego-california-04-06-2019/event/0A0054DC11024252,Rock,KnvZfZ7vAeA,Pop,https://s1.ticketm.net/dam/a/58c/c023b7ce-e8fb-4bb0-8996-7ff4b4be258c_858341_TABLET_LANDSCAPE_16_9.jpg,MercyMe's Imagine Nation Tour,https://www.ticketmaster.com/mercymes-imagine-nation-tour-san-diego-california-04-06-2019/event/0A0054DC11024252,92110,"{'name': 'California', 'stateCode': 'CA'}",{'name': 'San Diego'},32.77229,-117.07192,,,4/6/2019,19:00:00
15,Joan Baez,vvG1IZ4A4FNsvM,https://www.ticketmaster.com/joan-baez-san-diego-california-10-30-2018/event/0A005455488F1077,Rock,KnvZfZ7vAeA,Pop,https://s1.ticketm.net/dam/a/58c/c023b7ce-e8fb-4bb0-8996-7ff4b4be258c_858341_TABLET_LANDSCAPE_LARGE_16_9.jpg,Joan Baez,https://www.ticketmaster.com/joan-baez-san-diego-california-10-30-2018/event/0A005455488F1077,92110,"{'name': 'California', 'stateCode': 'CA'}",{'name': 'San Diego'},32.7169815,-117.2236296,,,10/30/2018,19:30:00
16,Morrissey,vvG1IZ4oS5t71P,https://www.ticketmaster.com/morrissey-san-diego-california-11-10-2018/event/0A00551CCBA442A5,Rock,KnvZfZ7vAeA,Alternative Rock,https://s1.ticketm.net/dam/a/58c/c023b7ce-e8fb-4bb0-8996-7ff4b4be258c_858341_TABLET_LANDSCAPE_3_2.jpg,Morrissey,https://www.ticketmaster.com/morrissey-san-diego-california-11-10-2018/event/0A00551CCBA442A5,92110,"{'name': 'California', 'stateCode': 'CA'}",{'name': 'San Diego'},32.718667,-117.157901,,,11/10/2018,20:00:00
17,Panic! at the Disco w/ Two Feet,Z7r9jZ1Ae8FkA,http://www.ticketsnow.com/InventoryBrowse/TicketList.aspx?PID=2408185,Alternative,KnvZfZ7vAvv,Alternative Rock,https://s1.ticketm.net/dam/a/58c/c023b7ce-e8fb-4bb0-8996-7ff4b4be258c_858341_RECOMENDATION_16_9.jpg,Panic! at the Disco w/ Two Feet,http://www.ticketsnow.com/InventoryBrowse/TicketList.aspx?PID=2408185,92110,"{'name': 'California', 'stateCode': 'CA'}",{'name': 'San Diego'},32.777599,-117.195999,,,2/16/2019,19:00:00
18,Disturbed,Z7r9jZ1Aef6oS,http://www.ticketsnow.com/InventoryBrowse/TicketList.aspx?PID=2507473,Rock,KnvZfZ7vAeA,Hard Rock,https://s1.ticketm.net/dam/a/58c/c023b7ce-e8fb-4bb0-8996-7ff4b4be258c_858341_CUSTOM.jpg,Disturbed,http://www.ticketsnow.com/InventoryBrowse/TicketList.aspx?PID=2507473,92110,"{'name': 'California', 'stateCode': 'CA'}",{'name': 'San Diego'},32.777599,-117.195999,,,1/9/2019,19:30:00
19,Paula Abdul: STRAIGHT UP PAULA!,vvG1IZ4u0TgA39,https://www.ticketmaster.com/paula-abdul-straight-up-paula-san-diego-california-11-13-2018/event/0A0054D93FD45497,Rock,KnvZfZ7vAeA,Pop,https://s1.ticketm.net/dam/a/58c/c023b7ce-e8fb-4bb0-8996-7ff4b4be258c_858341_RETINA_PORTRAIT_16_9.jpg,Paula Abdul: STRAIGHT UP PAULA!,https://www.ticketmaster.com/paula-abdul-straight-up-paula-san-diego-california-11-13-2018/event/0A0054D93FD45497,92110,"{'name': 'California', 'stateCode': 'CA'}",{'name': 'San Diego'},32.718667,-117.157901,,,11/13/2018,20:00:00
0,P!NK: BEAUTIFUL TRAUMA WORLD TOUR,G5vYZ41kgLl5u,https://www.ticketmaster.com/pnk-beautiful-trauma-world-tour-sacramento-california-04-10-2019/event/1C0054A1B57EB2CD,Rock,KnvZfZ7vAeA,Alternative Rock,https://s1.ticketm.net/dam/a/1dd/d5e86d93-5e1a-49d9-b530-70fefc0f21dd_877061_RETINA_PORTRAIT_3_2.jpg,P!NK: BEAUTIFUL TRAUMA WORLD TOUR,https://www.ticketmaster.com/pnk-beautiful-trauma-world-tour-sacramento-california-04-10-2019/event/1C0054A1B57EB2CD,95814,"{'name': 'California', 'stateCode': 'CA'}",{'name': 'Sacramento'},38.580372,-121.500231,349.94,43.89,4/10/2019,19:30:00
1,P!NK: BEAUTIFUL TRAUMA WORLD TOUR,G5vYZ4aioMDSp,https://www.ticketmaster.com/pnk-beautiful-trauma-world-tour-san-jose-california-04-17-2019/event/1C00549B11DFBCD6,Rock,KnvZfZ7vAeA,Alternative Rock,https://s1.ticketm.net/dam/a/1dd/d5e86d93-5e1a-49d9-b530-70fefc0f21dd_877061_CUSTOM.jpg,P!NK: BEAUTIFUL TRAUMA WORLD TOUR,https://www.ticketmaster.com/pnk-beautiful-trauma-world-tour-san-jose-california-04-17-2019/event/1C00549B11DFBCD6,95814,"{'name': 'California', 'stateCode': 'CA'}",{'name': 'Sacramento'},37.33276191,-121.9012237,223.5,43.45,4/17/2019,19:30:00
2,P!NK: BEAUTIFUL TRAUMA WORLD TOUR,G5vYZ4aBBMXm3,https://www.ticketmaster.com/pnk-beautiful-trauma-world-tour-fresno-california-04-15-2019/event/1C00549EBADFEB92,Rock,KnvZfZ7vAeA,Alternative Rock,https://s1.ticketm.net/dam/a/1dd/d5e86d93-5e1a-49d9-b530-70fefc0f21dd_877061_RETINA_PORTRAIT_16_9.jpg,P!NK: BEAUTIFUL TRAUMA WORLD TOUR,https://www.ticketmaster.com/pnk-beautiful-trauma-world-tour-fresno-california-04-15-2019/event/1C00549EBADFEB92,95814,"{'name': 'California', 'stateCode': 'CA'}",{'name': 'Sacramento'},36.8086726,-119.7394542,204.45,44.45,4/15/2019,19:30:00
3,Beirut,G5vYZ442YciVU,https://www.ticketmaster.com/beirut-oakland-california-03-02-2019/event/1C005553F0B6CD36,Rock,KnvZfZ7vAeA,Alternative Rock,https://s1.ticketm.net/dam/a/1dd/d5e86d93-5e1a-49d9-b530-70fefc0f21dd_877061_ARTIST_PAGE_3_2.jpg,Beirut,https://www.ticketmaster.com/beirut-oakland-california-03-02-2019/event/1C005553F0B6CD36,95814,"{'name': 'California', 'stateCode': 'CA'}",{'name': 'Sacramento'},37.8077176,-122.2700597,41,41,3/2/2019,20:00:00
4,Poptopia,G5vYZ4KGIyS-w,https://www.ticketmaster.com/poptopia-san-jose-california-12-01-2018/event/1C00553328E73872,Pop,KnvZfZ7vAev,Pop,https://s1.ticketm.net/dam/a/1dd/d5e86d93-5e1a-49d9-b530-70fefc0f21dd_877061_RETINA_LANDSCAPE_16_9.jpg,Poptopia,https://www.ticketmaster.com/poptopia-san-jose-california-12-01-2018/event/1C00553328E73872,95814,"{'name': 'California', 'stateCode': 'CA'}",{'name': 'Sacramento'},37.33276191,-121.9012237,155.5,32,12/1/2018,19:30:00
5,Galantis,G5vYZ48MRDuMZ,https://www.ticketmaster.com/galantis-san-francisco-california-11-16-2018/event/1C00550DEFECDDC0,Rock,KnvZfZ7vAeA,Pop,https://s1.ticketm.net/dam/a/1dd/d5e86d93-5e1a-49d9-b530-70fefc0f21dd_877061_TABLET_LANDSCAPE_3_2.jpg,Galantis,https://www.ticketmaster.com/galantis-san-francisco-california-11-16-2018/event/1C00550DEFECDDC0,95814,"{'name': 'California', 'stateCode': 'CA'}",{'name': 'Sacramento'},37.778479,-122.417473,54.5,54.5,11/16/2018,20:00:00
6,IL DIVO: Timeless Tour,G5vYZ48Cp49-c,https://www.ticketmaster.com/il-divo-timeless-tour-san-jose-california-12-14-2018/event/1C0055039655786D,Rock,KnvZfZ7vAeA,Pop,https://s1.ticketm.net/dam/a/1dd/d5e86d93-5e1a-49d9-b530-70fefc0f21dd_877061_RECOMENDATION_16_9.jpg,IL DIVO: Timeless Tour,https://www.ticketmaster.com/il-divo-timeless-tour-san-jose-california-12-14-2018/event/1C0055039655786D,95814,"{'name': 'California', 'stateCode': 'CA'}",{'name': 'Sacramento'},37.33046417,-121.8896681,350,35,12/14/2018,20:30:00
7,Journey,1avjZ44b3bIZdCCF,https://www.ticketmaster.com/journey-reno-nevada-12-16-2018/event/1700555612628DD7,Rock,KnvZfZ7vAeA,Pop,https://s1.ticketm.net/dam/a/1dd/d5e86d93-5e1a-49d9-b530-70fefc0f21dd_877061_TABLET_LANDSCAPE_LARGE_16_9.jpg,Journey,https://www.ticketmaster.com/journey-reno-nevada-12-16-2018/event/1700555612628DD7,95814,"{'name': 'California', 'stateCode': 'CA'}",{'name': 'Sacramento'},39.52331,-119.781017,295,95,12/16/2018,20:00:00
8,88rising: 88 Degrees & Rising Tour,G5vYZ41lA554_,https://www.ticketmaster.com/88rising-88-degrees-rising-tour-san-francisco-california-10-31-2018/event/1C0054AAC52CB559,Hip-Hop/Rap,KnvZfZ7vAv1,French Rap,https://s1.ticketm.net/dam/a/1dd/d5e86d93-5e1a-49d9-b530-70fefc0f21dd_877061_EVENT_DETAIL_PAGE_16_9.jpg,88rising: 88 Degrees & Rising Tour,https://www.ticketmaster.com/88rising-88-degrees-rising-tour-san-francisco-california-10-31-2018/event/1C0054AAC52CB559,95814,"{'name': 'California', 'stateCode': 'CA'}",{'name': 'Sacramento'},37.778479,-122.417473,69.5,49.5,10/31/2018,19:00:00
9,10 Summer Presents: The Debut Tour With Ella Mai,G5vYZ442cPHnN,https://www.ticketmaster.com/10-summer-presents-the-debut-tour-oakland-california-02-19-2019/event/1C005553ED97CAA3,R&B,KnvZfZ7vAee,R&B,https://s1.ticketm.net/dam/a/1dd/d5e86d93-5e1a-49d9-b530-70fefc0f21dd_877061_TABLET_LANDSCAPE_16_9.jpg,10 Summer Presents: The Debut Tour With Ella Mai,https://www.ticketmaster.com/10-summer-presents-the-debut-tour-oakland-california-02-19-2019/event/1C005553ED97CAA3,95814,"{'name': 'California', 'stateCode': 'CA'}",{'name': 'Sacramento'},37.8077176,-122.2700597,39,29,2/19/2019,20:00:00
10,Aubrey & The Three Migos Tour,G5vYZ41csBwTa,https://www.ticketmaster.com/aubrey-the-three-migos-tour-oakland-california-10-26-2018/event/1C0054AB71EB2FC9,Hip-Hop/Rap,KnvZfZ7vAv1,French Rap,https://s1.ticketm.net/dam/a/1dd/d5e86d93-5e1a-49d9-b530-70fefc0f21dd_877061_RETINA_PORTRAIT_3_2.jpg,Aubrey & The Three Migos Tour,https://www.ticketmaster.com/aubrey-the-three-migos-tour-oakland-california-10-26-2018/event/1C0054AB71EB2FC9,95814,"{'name': 'California', 'stateCode': 'CA'}",{'name': 'Sacramento'},37.7515541,-122.2015715,241,59.5,10/26/2018,19:00:00
11,Ozuna,G5vYZ4o6erqAo,https://www.ticketmaster.com/ozuna-fresno-california-11-04-2018/event/1C005511C279D151,World,KnvZfZ7vAeF,Latin,https://s1.ticketm.net/dam/a/1dd/d5e86d93-5e1a-49d9-b530-70fefc0f21dd_877061_CUSTOM.jpg,Ozuna,https://www.ticketmaster.com/ozuna-fresno-california-11-04-2018/event/1C005511C279D151,95814,"{'name': 'California', 'stateCode': 'CA'}",{'name': 'Sacramento'},36.8086726,-119.7394542,149,49,11/4/2018,20:00:00
12,Pepe Aguilar y Familia presentan: Jaripeo Sin Fronteras,G5vYZ4ei9Ma9j,https://www.ticketmaster.com/pepe-aguilar-y-familia-presentan-jaripeo-san-jose-california-11-25-2018/event/1C00542B17DC95DC,World,KnvZfZ7vAeF,Latin,https://s1.ticketm.net/dam/a/1dd/d5e86d93-5e1a-49d9-b530-70fefc0f21dd_877061_RETINA_PORTRAIT_16_9.jpg,Pepe Aguilar y Familia presentan: Jaripeo Sin Fronteras,https://www.ticketmaster.com/pepe-aguilar-y-familia-presentan-jaripeo-san-jose-california-11-25-2018/event/1C00542B17DC95DC,95814,"{'name': 'California', 'stateCode': 'CA'}",{'name': 'Sacramento'},37.33276191,-121.9012237,160.5,60.5,11/25/2018,20:00:00
13,Aubrey & The Three Migos Tour,G5vYZ41csHeT8,https://www.ticketmaster.com/aubrey-the-three-migos-tour-oakland-california-10-27-2018/event/1C0054AB71F02FD0,Hip-Hop/Rap,KnvZfZ7vAv1,French Rap,https://s1.ticketm.net/dam/a/1dd/d5e86d93-5e1a-49d9-b530-70fefc0f21dd_877061_ARTIST_PAGE_3_2.jpg,Aubrey & The Three Migos Tour,https://www.ticketmaster.com/aubrey-the-three-migos-tour-oakland-california-10-27-2018/event/1C0054AB71F02FD0,95814,"{'name': 'California', 'stateCode': 'CA'}",{'name': 'Sacramento'},37.7515541,-122.2015715,241,59.5,10/27/2018,19:00:00
14,V101 Holiday Jam,G5vYZ43l3h5Sc,https://www.ticketmaster.com/v101-holiday-jam-sacramento-california-12-08-2018/event/1C00552AD26CBCED,Hip-Hop/Rap,KnvZfZ7vAv1,French Rap,https://s1.ticketm.net/dam/a/1dd/d5e86d93-5e1a-49d9-b530-70fefc0f21dd_877061_RETINA_LANDSCAPE_16_9.jpg,V101 Holiday Jam,https://www.ticketmaster.com/v101-holiday-jam-sacramento-california-12-08-2018/event/1C00552AD26CBCED,95814,"{'name': 'California', 'stateCode': 'CA'}",{'name': 'Sacramento'},38.580372,-121.500231,150,45,12/8/2018,19:30:00
15,Alt 94.7 Electric Christmas 2018,G5vYZ447bnjbj,https://www.ticketmaster.com/alt-947-electric-christmas-2018-sacramento-california-12-06-2018/event/1C00555118A9C61C,Rock,KnvZfZ7vAeA,Pop,https://s1.ticketm.net/dam/a/1dd/d5e86d93-5e1a-49d9-b530-70fefc0f21dd_877061_TABLET_LANDSCAPE_3_2.jpg,Alt 94.7 Electric Christmas 2018,https://www.ticketmaster.com/alt-947-electric-christmas-2018-sacramento-california-12-06-2018/event/1C00555118A9C61C,95814,"{'name': 'California', 'stateCode': 'CA'}",{'name': 'Sacramento'},38.580372,-121.500231,75,30,12/6/2018,19:00:00
16,Minus the Bear,G5vYZ4Cojmvd0,https://www.eventbrite.com/e/minus-the-bear-ace-of-spades-tickets-47740542247,Rock,KnvZfZ7vAeA,Alternative Rock,https://s1.ticketm.net/dam/a/1dd/d5e86d93-5e1a-49d9-b530-70fefc0f21dd_877061_RECOMENDATION_16_9.jpg,Minus the Bear,https://www.eventbrite.com/e/minus-the-bear-ace-of-spades-tickets-47740542247,95814,"{'name': 'California', 'stateCode': 'CA'}",{'name': 'Sacramento'},38.569993,-121.4908793,199.5,59.5,12/12/2018,19:00:00
17,Aubrey & The Three Migos Tour,G5vYZ41z9SDTr,https://www.ticketmaster.com/aubrey-the-three-migos-tour-oakland-california-10-29-2018/event/1C0054AE17CFBFDE,Hip-Hop/Rap,KnvZfZ7vAv1,French Rap,https://s1.ticketm.net/dam/a/1dd/d5e86d93-5e1a-49d9-b530-70fefc0f21dd_877061_TABLET_LANDSCAPE_LARGE_16_9.jpg,Aubrey & The Three Migos Tour,https://www.ticketmaster.com/aubrey-the-three-migos-tour-oakland-california-10-29-2018/event/1C0054AE17CFBFDE,95814,"{'name': 'California', 'stateCode': 'CA'}",{'name': 'Sacramento'},37.7515541,-122.2015715,131.44,61.44,10/29/2018,19:00:00
18,Metallica - WorldWired Tour,G5vYZ4Apy3phR,https://www.ticketmaster.com/metallica-worldwired-tour-sacramento-california-12-07-2018/event/1C005455B94966EF,Metal,KnvZfZ7vAvt,Heavy Metal,https://s1.ticketm.net/dam/a/1dd/d5e86d93-5e1a-49d9-b530-70fefc0f21dd_877061_EVENT_DETAIL_PAGE_16_9.jpg,Metallica - WorldWired Tour,https://www.ticketmaster.com/metallica-worldwired-tour-sacramento-california-12-07-2018/event/1C005455B94966EF,95814,"{'name': 'California', 'stateCode': 'CA'}",{'name': 'Sacramento'},38.580372,-121.500231,,,12/7/2018,19:30:00
19,The Internet,G5vYZ48O7_r7g,https://www.eventbrite.com/e/the-internet-ace-of-spades-tickets-48747524157,R&B,KnvZfZ7vAee,R&B,https://s1.ticketm.net/dam/a/1dd/d5e86d93-5e1a-49d9-b530-70fefc0f21dd_877061_TABLET_LANDSCAPE_16_9.jpg,The Internet,https://www.eventbrite.com/e/the-internet-ace-of-spades-tickets-48747524157,95814,"{'name': 'California', 'stateCode': 'CA'}",{'name': 'Sacramento'},38.569993,-121.4908793,,,10/28/2018,19:00:00
0,Excision Presents: The Thunderdome,vvG1HZ43KphUHr,https://www.ticketmaster.com/excision-presents-the-thunderdome-tacoma-washington-11-23-2018/event/0F005524D66F6F1E,Dance/Electronic,KnvZfZ7vAvF,Club Dance,https://s1.ticketm.net/dam/a/9fe/02b5bf75-3ee5-4417-a528-5c3922aba9fe_215491_EVENT_DETAIL_PAGE_16_9.jpg,Excision Presents: The Thunderdome,https://www.ticketmaster.com/excision-presents-the-thunderdome-tacoma-washington-11-23-2018/event/0F005524D66F6F1E,98421,"{'name': 'Washington', 'stateCode': 'WA'}",{'name': 'Tacoma'},47.23634,-122.426834,50,50,11/23/2018,19:00:00
1,Joe Walsh & Friends Present: VetsAid 2018,vvG1HZ45zA1Ji-,https://www.ticketmaster.com/joe-walsh-friends-present-vetsaid-2018-tacoma-washington-11-11-2018/event/0F0054BE052A6B21,Rock,KnvZfZ7vAeA,Pop,https://s1.ticketm.net/dam/a/9fe/02b5bf75-3ee5-4417-a528-5c3922aba9fe_215491_RETINA_LANDSCAPE_16_9.jpg,Joe Walsh & Friends Present: VetsAid 2018,https://www.ticketmaster.com/joe-walsh-friends-present-vetsaid-2018-tacoma-washington-11-11-2018/event/0F0054BE052A6B21,98421,"{'name': 'Washington', 'stateCode': 'WA'}",{'name': 'Tacoma'},47.23634,-122.426834,159,29,11/11/2018,18:00:00
2,FreakNight 2018,vvG1HZ4212bKZi,https://www.ticketmaster.com/freaknight-2018-seattle-washington-10-26-2018/event/0F0054F28F61302C,Dance/Electronic,KnvZfZ7vAvF,Club Dance,https://s1.ticketm.net/dam/a/9fe/02b5bf75-3ee5-4417-a528-5c3922aba9fe_215491_TABLET_LANDSCAPE_16_9.jpg,FreakNight 2018,https://www.ticketmaster.com/freaknight-2018-seattle-washington-10-26-2018/event/0F0054F28F61302C,98421,"{'name': 'Washington', 'stateCode': 'WA'}",{'name': 'Tacoma'},47.596704,-122.332085,94,94,10/26/2018,18:30:00
3,Aubrey & The Three Migos Tour,vvG1HZ41nJakIw,https://www.ticketmaster.com/aubrey-the-three-migos-tour-tacoma-washington-11-01-2018/event/0F0054AAA6246A32,Hip-Hop/Rap,KnvZfZ7vAv1,French Rap,https://s1.ticketm.net/dam/a/9fe/02b5bf75-3ee5-4417-a528-5c3922aba9fe_215491_TABLET_LANDSCAPE_LARGE_16_9.jpg,Aubrey & The Three Migos Tour,https://www.ticketmaster.com/aubrey-the-three-migos-tour-tacoma-washington-11-01-2018/event/0F0054AAA6246A32,98421,"{'name': 'Washington', 'stateCode': 'WA'}",{'name': 'Tacoma'},47.23634,-122.426834,208.5,59.5,11/1/2018,19:00:00
4,An Evening With Fleetwood Mac,vvG1HZ4aL3P9nA,https://www.ticketmaster.com/an-evening-with-fleetwood-mac-tacoma-washington-11-17-2018/event/0F005497D2957A85,Rock,KnvZfZ7vAeA,Pop,https://s1.ticketm.net/dam/a/9fe/02b5bf75-3ee5-4417-a528-5c3922aba9fe_215491_ARTIST_PAGE_3_2.jpg,An Evening With Fleetwood Mac,https://www.ticketmaster.com/an-evening-with-fleetwood-mac-tacoma-washington-11-17-2018/event/0F005497D2957A85,98421,"{'name': 'Washington', 'stateCode': 'WA'}",{'name': 'Tacoma'},47.23634,-122.426834,199.5,69.5,11/17/2018,20:00:00
5,Pancho Barraza en Concierto,vvG1HZ44kwLwNT,https://www.ticketmaster.com/pancho-barraza-en-concierto-seattle-washington-05-25-2019/event/0F005551B27F28FF,World,KnvZfZ7vAeF,Latin,https://s1.ticketm.net/dam/a/9fe/02b5bf75-3ee5-4417-a528-5c3922aba9fe_215491_RECOMENDATION_16_9.jpg,Pancho Barraza en Concierto,https://www.ticketmaster.com/pancho-barraza-en-concierto-seattle-washington-05-25-2019/event/0F005551B27F28FF,98421,"{'name': 'Washington', 'stateCode': 'WA'}",{'name': 'Tacoma'},47.6135664,-122.3319103,129,49,5/25/2019,20:00:00
6,Justin Timberlake - The Man Of The Woods Tour,vvG1HZ47r0udI9,https://www.ticketmaster.com/justin-timberlake-the-man-of-the-tacoma-washington-11-12-2018/event/0F005447A4343A17,Rock,KnvZfZ7vAeA,Pop,https://s1.ticketm.net/dam/a/9fe/02b5bf75-3ee5-4417-a528-5c3922aba9fe_215491_CUSTOM.jpg,Justin Timberlake - The Man Of The Woods Tour,https://www.ticketmaster.com/justin-timberlake-the-man-of-the-tacoma-washington-11-12-2018/event/0F005447A4343A17,98421,"{'name': 'Washington', 'stateCode': 'WA'}",{'name': 'Tacoma'},47.23634,-122.426834,254,53.5,11/12/2018,19:30:00
7,Elton John: Farewell Yellow Brick Road,vvG1HZ4kSwQpih,https://www.ticketmaster.com/elton-john-farewell-yellow-brick-road-tacoma-washington-09-17-2019/event/0F00546CF2696B1B,Rock,KnvZfZ7vAeA,Pop,https://s1.ticketm.net/dam/a/9fe/02b5bf75-3ee5-4417-a528-5c3922aba9fe_215491_RETINA_PORTRAIT_3_2.jpg,Elton John: Farewell Yellow Brick Road,https://www.ticketmaster.com/elton-john-farewell-yellow-brick-road-tacoma-washington-09-17-2019/event/0F00546CF2696B1B,98421,"{'name': 'Washington', 'stateCode': 'WA'}",{'name': 'Tacoma'},47.23634,-122.426834,249.5,59.5,9/17/2019,20:00:00
8,TWENTY ONE PILOTS - THE BANDITO TOUR,vvG1HZ4CJOqxlJ,https://www.ticketmaster.com/twenty-one-pilots-the-bandito-tour-tacoma-washington-11-16-2018/event/0F0054E9A0762AE6,Rock,KnvZfZ7vAeA,Pop,https://s1.ticketm.net/dam/a/9fe/02b5bf75-3ee5-4417-a528-5c3922aba9fe_215491_RETINA_PORTRAIT_16_9.jpg,TWENTY ONE PILOTS - THE BANDITO TOUR,https://www.ticketmaster.com/twenty-one-pilots-the-bandito-tour-tacoma-washington-11-16-2018/event/0F0054E9A0762AE6,98421,"{'name': 'Washington', 'stateCode': 'WA'}",{'name': 'Tacoma'},47.23634,-122.426834,79.5,39.5,11/16/2018,19:00:00
9,Jeff Lynne's ELO,vvG1HZ44knBe93,https://www.ticketmaster.com/jeff-lynnes-elo-tacoma-washington-06-28-2019/event/0F005551AAE825D2,Rock,KnvZfZ7vAeA,Pop,https://s1.ticketm.net/dam/a/9fe/02b5bf75-3ee5-4417-a528-5c3922aba9fe_215491_TABLET_LANDSCAPE_3_2.jpg,Jeff Lynne's ELO,https://www.ticketmaster.com/jeff-lynnes-elo-tacoma-washington-06-28-2019/event/0F005551AAE825D2,98421,"{'name': 'Washington', 'stateCode': 'WA'}",{'name': 'Tacoma'},47.23634,-122.426834,179.5,49.5,6/28/2019,20:00:00
10,Elton John: Farewell Yellow Brick Road,vvG1HZ4K3Zqx-A,https://www.ticketmaster.com/elton-john-farewell-yellow-brick-road-tacoma-washington-09-18-2019/event/0F00553480762845,Rock,KnvZfZ7vAeA,Pop,https://s1.ticketm.net/dam/a/319/d6fb2044-7666-467a-8dca-716f18c52319_89001_RETINA_LANDSCAPE_16_9.jpg,Elton John: Farewell Yellow Brick Road,https://www.ticketmaster.com/elton-john-farewell-yellow-brick-road-tacoma-washington-09-18-2019/event/0F00553480762845,98421,"{'name': 'Washington', 'stateCode': 'WA'}",{'name': 'Tacoma'},47.23634,-122.426834,249.5,59.5,9/18/2019,20:00:00
11,The 1975,vvG1HZ4fw_6SGI,https://www.ticketmaster.com/the-1975-seattle-washington-04-25-2019/event/0F00554C991F3328,Rock,KnvZfZ7vAeA,Pop,https://s1.ticketm.net/dam/a/319/d6fb2044-7666-467a-8dca-716f18c52319_89001_CUSTOM.jpg,The 1975,https://www.ticketmaster.com/the-1975-seattle-washington-04-25-2019/event/0F00554C991F3328,98421,"{'name': 'Washington', 'stateCode': 'WA'}",{'name': 'Tacoma'},47.596704,-122.332085,56.5,56.5,4/25/2019,19:00:00
12,Trans-Siberian Orchestra 2018 Presented By Hallmark Channel,vvG1HZ48nMcbzC,https://www.ticketmaster.com/transsiberian-orchestra-2018-presented-by-hallmark-tacoma-washington-11-25-2018/event/0F00550AB7B58E0E,Rock,KnvZfZ7vAeA,Pop,https://s1.ticketm.net/dam/a/319/d6fb2044-7666-467a-8dca-716f18c52319_89001_ARTIST_PAGE_3_2.jpg,Trans-Siberian Orchestra 2018 Presented By Hallmark Channel,https://www.ticketmaster.com/transsiberian-orchestra-2018-presented-by-hallmark-tacoma-washington-11-25-2018/event/0F00550AB7B58E0E,98421,"{'name': 'Washington', 'stateCode': 'WA'}",{'name': 'Tacoma'},47.23634,-122.426834,79.5,45.5,11/25/2018,15:00:00
13,Justin Timberlake - The Man Of The Woods Tour,vvG1HZ47MEp4EB,https://www.ticketmaster.com/justin-timberlake-the-man-of-the-tacoma-washington-11-13-2018/event/0F00544DE75959FA,Rock,KnvZfZ7vAeA,Pop,https://s1.ticketm.net/dam/a/319/d6fb2044-7666-467a-8dca-716f18c52319_89001_RETINA_PORTRAIT_16_9.jpg,Justin Timberlake - The Man Of The Woods Tour,https://www.ticketmaster.com/justin-timberlake-the-man-of-the-tacoma-washington-11-13-2018/event/0F00544DE75959FA,98421,"{'name': 'Washington', 'stateCode': 'WA'}",{'name': 'Tacoma'},47.23634,-122.426834,254,53.5,11/13/2018,19:30:00
14,Bob Seger & The Silver Bullet Band,vvG1HZ4GKcJper,https://www.ticketmaster.com/bob-seger-the-silver-bullet-band-tacoma-washington-02-09-2019/event/0F0054C4ED99609E,Rock,KnvZfZ7vAeA,Pop,https://s1.ticketm.net/dam/a/319/d6fb2044-7666-467a-8dca-716f18c52319_89001_TABLET_LANDSCAPE_LARGE_16_9.jpg,Bob Seger & The Silver Bullet Band,https://www.ticketmaster.com/bob-seger-the-silver-bullet-band-tacoma-washington-02-09-2019/event/0F0054C4ED99609E,98421,"{'name': 'Washington', 'stateCode': 'WA'}",{'name': 'Tacoma'},47.23634,-122.426834,124,79,2/9/2019,20:00:00
15,DAN + SHAY THE TOUR,vvG1HZ44Fook79,https://www.ticketmaster.com/dan-shay-the-tour-seattle-washington-04-11-2019/event/0F00555211446117,Country,KnvZfZ7vAv6,Country,https://s1.ticketm.net/dam/a/319/d6fb2044-7666-467a-8dca-716f18c52319_89001_RECOMENDATION_16_9.jpg,DAN + SHAY THE TOUR,https://www.ticketmaster.com/dan-shay-the-tour-seattle-washington-04-11-2019/event/0F00555211446117,98421,"{'name': 'Washington', 'stateCode': 'WA'}",{'name': 'Tacoma'},47.6135664,-122.3319103,31,31,4/11/2019,19:30:00
16,Eric Church: Double Down Tour,vvG1HZ4K5Pu1dC,http://concerts.livenation.com/event/0F005532E534A0CE,Country,KnvZfZ7vAv6,Country,https://s1.ticketm.net/dam/a/319/d6fb2044-7666-467a-8dca-716f18c52319_89001_RETINA_PORTRAIT_3_2.jpg,Eric Church: Double Down Tour,http://concerts.livenation.com/event/0F005532E534A0CE,98421,"{'name': 'Washington', 'stateCode': 'WA'}",{'name': 'Tacoma'},47.0959472,-119.982652,129,39,6/29/2019,20:00:00
17,Trans-Siberian Orchestra 2018 Presented By Hallmark Channel,vvG1HZ4oo-_sE2,https://ev8.evenue.net/cgi-bin/ncommerce3/EVExecMacro?linkID=twcorp&evm=prmo&RSRC=&RDAT=&caller=PR&PROMO=TMFV&ev_promo=TMFV,Rock,KnvZfZ7vAeA,Pop,https://s1.ticketm.net/dam/a/319/d6fb2044-7666-467a-8dca-716f18c52319_89001_EVENT_DETAIL_PAGE_16_9.jpg,Trans-Siberian Orchestra 2018 Presented By Hallmark Channel,https://ev8.evenue.net/cgi-bin/ncommerce3/EVExecMacro?linkID=twcorp&evm=prmo&RSRC=&RDAT=&caller=PR&PROMO=TMFV&ev_promo=TMFV,98421,"{'name': 'Washington', 'stateCode': 'WA'}",{'name': 'Tacoma'},47.6653257,-117.4225336,159.95,33.95,11/23/2018,19:30:00
18,New Kids On The Block: The Mixtape Tour,vvG1HZ4KpgutaL,https://www.ticketmaster.com/new-kids-on-the-block-the-tacoma-washington-06-01-2019/event/0F005535B536925F,Rock,KnvZfZ7vAeA,Pop,https://s1.ticketm.net/dam/a/319/d6fb2044-7666-467a-8dca-716f18c52319_89001_TABLET_LANDSCAPE_3_2.jpg,New Kids On The Block: The Mixtape Tour,https://www.ticketmaster.com/new-kids-on-the-block-the-tacoma-washington-06-01-2019/event/0F005535B536925F,98421,"{'name': 'Washington', 'stateCode': 'WA'}",{'name': 'Tacoma'},47.23634,-122.426834,140,60,6/1/2019,20:00:00
19,Ozuna,vvG1HZ4uS1LfaK,https://www.ticketmaster.com/ozuna-seattle-washington-11-01-2018/event/0F0054DCCA7D4253,World,KnvZfZ7vAeF,Latin,https://s1.ticketm.net/dam/a/319/d6fb2044-7666-467a-8dca-716f18c52319_89001_TABLET_LANDSCAPE_16_9.jpg,Ozuna,https://www.ticketmaster.com/ozuna-seattle-washington-11-01-2018/event/0F0054DCCA7D4253,98421,"{'name': 'Washington', 'stateCode': 'WA'}",{'name': 'Tacoma'},47.596704,-122.332085,,,11/1/2018,20:00:00
